PARKADE,CAPACITY,MAE,ΔMAE,NORMALIZED_MAE (BY CAPACITY),NORMALIZED_ΔMAE (BY CAPACITY),MSE,ΔMSE,NORMALIZED_MSE (BY CAPACITY),NORMALIZED_ΔMSE (BY CAPACITY),RMSE,ΔRMSE,NORMALIZED_RMSE (BY CAPACITY),NORMALIZED_ΔRMSE (BY CAPACITY),R2,ΔR2
LightGBM - hour,,,,,,,,,,,,,,,
North,990,0.0227211130110028,51.819778886989,2.2950619203033132e-05,0.052343210996958586,0.0018633047977084,6119.926736695203,1.8821260582913133e-06,6.1817441784800025,0.0431660143829436,78.18683398561706,4.3602034730246064e-05,0.07897659998547177,0.9409882075479968,0.13418820754799687
West,1232,0.0219534439205001,68.5157465560795,1.7819353831574758e-05,0.05561343064616843,0.0020192306052979,12295.831880769394,1.6389858809236199e-06,9.980383020105027,0.0449358498895696,110.84166415011043,3.6473904131144154e-05,0.089968883238726,0.9411183709246088,0.1760183709246088
Rose,807,0.0319953524865163,50.78950464751348,3.964727693496443e-05,0.0629361891542918,0.0047447595808442,7257.594255240419,5.879503817650806e-06,8.993301431524683,0.0688822152724797,85.12261778472752,8.535590492252751e-05,0.10548031943584575,0.8873535452263579,0.1543535452263579
Health Sciences,1189,0.0215348298201488,5.425165170179851,1.811171557623953e-05,0.004562796610748403,0.0024101215902009,10329.381789878411,2.02701563515635e-06,8.687453145398159,0.0490929892163935,101.58450701078361,4.12893096857809e-05,0.08543692767938066,0.9562530894331828,0.08895308943318281
Fraser,725,0.0204840484223656,41.80551595157763,2.8253859892918066e-05,0.0576627806228657,0.0017329771273995,4266.181367022873,2.390313279171724e-06,5.8843880924453424,0.0416290418746276,65.27437095812537,5.7419368102934615e-05,0.09003361511465569,0.946540349303979,0.20084034930397898
Thunderbird,1634,0.0272438931495383,95.06805610685046,1.667312922248366e-05,0.05818118488791338,0.0045056282182426,37123.074294371785,2.7574224101851896e-06,22.719139715037812,0.0671239764781758,192.60637602352182,4.107954496828385e-05,0.11787415913312228,0.8904969707595682,0.2266969707595683
University Lot Blvd,216,0.0463570309056889,19.21464296909431,0.0002146158838226338,0.08895668041247366,0.0068837115308737,863.8716162884691,3.186903486515602e-05,3.9994056309651347,0.0829681356357595,29.30883186436424,0.0003841117390544421,0.13568903640909372,0.7283297528752002,0.4683297528752002
