PARKADE,CAPACITY,MAE,ΔMAE,NORMALIZED_MAE (BY CAPACITY),NORMALIZED_ΔMAE (BY CAPACITY),MSE,ΔMSE,NORMALIZED_MSE (BY CAPACITY),NORMALIZED_ΔMSE (BY CAPACITY),RMSE,ΔRMSE,NORMALIZED_RMSE (BY CAPACITY),NORMALIZED_ΔRMSE (BY CAPACITY),R2,ΔR2
LightGBM - week,,,,,,,,,,,,,,,
North,990,0.0345732489166614,51.80792675108334,3.4922473653193336e-05,0.05233123914250843,0.0049139415490155,6119.9236860584515,4.963577322237879e-06,6.1817410970287385,0.0700995117601795,78.15990048823983,7.080758763654495e-05,0.07894939443256548,0.8443730198256346,0.03757301982563466
West,1232,0.0371892199993078,68.5005107800007,3.0186055194243343e-05,0.05560106394480576,0.0049922990100668,12295.82890770099,4.052190754924351e-06,9.980380606900155,0.0706562029128855,110.81594379708712,5.7350814052666806e-05,0.08994800632880448,0.8544224231878521,0.0893224231878521
Rose,807,0.0533720720873504,50.76812792791265,6.613639663860024e-05,0.06290970003458816,0.0104225954491142,7257.588577404551,1.291523599642404e-05,8.993294395792505,0.1020911134678932,85.08940888653211,0.00012650695597012787,0.10543916838479815,0.752554706539269,0.01955470653926905
Health Sciences,1189,0.0379126320983851,5.408787367901615,3.188614978838108e-05,0.004549022176536262,0.0053674446634823,10329.378832555338,4.514251188799243e-06,8.687450658162605,0.0732628464058168,101.56033715359419,6.161719630430345e-05,0.08541659979276214,0.902573744569408,0.035273744569408017
Fraser,725,0.0476217228466756,41.77837827715332,6.568513496093187e-05,0.057625349347797686,0.0064082553106753,4266.176691744689,8.838972842310759e-06,5.884381643785779,0.0800515790642219,65.23594842093578,0.0001104159711230647,0.08998061851163557,0.802315284452885,0.056615284452884995
Thunderbird,1634,0.0519116396390092,95.04338836036098,3.176966930171922e-05,0.058166088347834134,0.0135985943193103,37123.06520140568,8.322273145232743e-06,22.719134150187077,0.1166130109349309,192.55688698906505,7.136659175944363e-05,0.11784387208633113,0.6695050724897612,0.005705072489761265
University Lot Blvd,216,0.0650773605539449,19.195922639446053,0.00030128407663863383,0.08887001221965765,0.0112243385176488,863.8672756614824,5.1964530174299996e-05,3.999385535469826,0.10594497872787,29.28585502127213,0.0004904860126290278,0.13558266213551912,0.5570240261774886,0.2970240261774886
