PARKADE,CAPACITY,MAE,ΔMAE,NORMALIZED_MAE (BY CAPACITY),NORMALIZED_ΔMAE (BY CAPACITY),MSE,ΔMSE,NORMALIZED_MSE (BY CAPACITY),NORMALIZED_ΔMSE (BY CAPACITY),RMSE,ΔRMSE,NORMALIZED_RMSE (BY CAPACITY),NORMALIZED_ΔRMSE (BY CAPACITY),R2,ΔR2
LightGBM - day,,,,,,,,,,,,,,,
North,990,0.0291619543933932,51.813338045606606,2.945651958928606e-05,0.05233670509657233,0.0031798742096931,6119.925420125791,3.2119941512051518e-06,6.18174284861191,0.0563903733778479,78.17360962662215,5.695997310893727e-05,0.07896324204709308,0.8992917975005161,0.09249179750051617
West,1232,0.0291671302125279,68.50853286978747,2.367461867899992e-05,0.055607575381321,0.0036090580248662,12295.830290941974,2.9294302149887987e-06,9.980381729660694,0.0600754361188188,110.82652456388118,4.876252931722305e-05,0.08995659461353991,0.8947583226134858,0.12965832261348575
Rose,807,0.0405937447484266,50.78090625525157,5.030203810213953e-05,0.06292553439312462,0.0063969110201695,7257.59260308898,7.926779454980792e-06,8.993299384249045,0.0799806915459574,85.11151930845405,9.910866362572168e-05,0.10546656667714256,0.8481294287631046,0.11512942876310461
Health Sciences,1189,0.0307878160435538,5.415912183956446,2.5893873880196634e-05,0.004555014452444446,0.0040287370853028,10329.380171262916,3.3883406941150544e-06,8.6874517840731,0.0634723332271849,101.57012766677282,5.338295477475601e-05,0.08542483403429169,0.9268730666184904,0.05957306661849049
Fraser,725,0.0369070404852317,41.78909295951477,5.0906262738250613e-05,0.05764012822002037,0.0038956021009282,4266.179204397899,5.373244277142345e-06,5.884385109514344,0.0624147586787634,65.25358524132123,8.608932231553572e-05,0.09000494516044308,0.8798267303857487,0.13412673038574863
Thunderbird,1634,0.0383816048212852,95.05691839517871,2.3489354235792654e-05,0.05817436866290007,0.0085831165825659,37123.07021688342,5.252825325927723e-06,22.719137219634895,0.0926451109479933,192.580854889052,5.669835431333739e-05,0.11785854032377724,0.7913992853850396,0.12759928538503962
University Lot Blvd,216,0.0550622920659007,19.205937707934098,0.00025491801882361435,0.08891637827747267,0.0088292575546225,863.8696707424455,4.087619238251158e-05,3.999396623807618,0.093964129084574,29.297835870915424,0.00043501911613228703,0.13563812903201586,0.6515474869865263,0.3915474869865263
