PARKADE,MAE,ΔMAE,R2,ΔR2
LightGBM - day,,,,
North,29.120895864150523,22.72160413584948,0.9003855266103772,0.09358552661037722
West,35.729404977993624,32.80829502200638,0.8955351278322056,0.13043512783220557
Rose,33.15246616454829,17.669033835451714,0.8442530327711963,0.11125303277119636
Health Sciences,36.67477307881585,-31.228073078815854,0.9265149775960768,0.059214977596076857
Fraser,26.220331738714258,15.605668261285743,0.884281487375064,0.13858148737506393
Thunderbird,63.72638335446242,31.368916645537574,0.7811750927353652,0.11737509273536528
University Lot Blvd,11.893455084680475,7.367544915319524,0.6515474873025284,0.3915474873025284
