PARKADE,MAE,ΔMAE,R2,ΔR2
LightGBM - longterm,,,,
North,45.612084247370106,6.230415752629895,0.8030469605246262,-0.003753039475373754
West,45.60097703390964,22.936722966090358,0.8616408479707475,0.09654084797074747
Rose,40.16724734838205,10.654252651617952,0.8073848540532775,0.07438485405327755
Health Sciences,43.71848486448378,-38.27178486448378,0.9017837275414332,0.03448372754143325
Fraser,36.87636413030494,4.949635869695058,0.8078597335448694,0.06215973354486937
Thunderbird,77.783959071186,17.31134092881399,0.7043928072073871,0.040592807207387116
University Lot Blvd,14.986967763724234,4.274032236275765,0.482864847252216,0.222864847252216
