PARKADE,MAE,ΔMAE,R2,ΔR2
LightGBM - hour,,,,
North,22.630399196379447,29.212100803620555,0.939616194156156,0.1328161941561561
West,27.45891884848326,41.078781151516736,0.938714399901485,0.17361439990148497
Rose,26.047811880326627,24.773688119673373,0.8844826979230763,0.15148269792307634
Health Sciences,25.70982595375412,-20.26312595375412,0.9543230714188644,0.08702307141886445
Fraser,14.861372057135132,26.96462794286487,0.9465923242647142,0.20089232426471415
Thunderbird,43.53678020400604,51.55851979599395,0.8947558323916481,0.23095583239164819
University Lot Blvd,10.013118699933376,9.247881300066624,0.728329751699103,0.46832975169910296
