PARKADE,MAE,ΔMAE,R2,ΔR2
LightGBM - week,,,,
North,34.22973221698964,17.612767783010362,0.8442974890648404,0.037497489064840406
West,45.59468236589877,22.94301763410123,0.8541425169170258,0.0890425169170258
Rose,43.07453332803305,7.746966671966952,0.7524842297184262,0.019484229718426227
Health Sciences,45.14617924169546,-39.69947924169546,0.9021537864632424,0.03485378646324244
Fraser,34.043876202940325,7.7821237970596755,0.8058451688099382,0.06014516880993814
Thunderbird,84.82361944380087,10.27168055619913,0.669505072009994,0.005705072009994039
University Lot Blvd,14.056709886457911,5.204290113542088,0.557024026169028,0.297024026169028
