PARKADE,CAPACITY,MAE,ΔMAE,NORMALIZED_MAE (BY CAPACITY),NORMALIZED_ΔMAE (BY CAPACITY),MSE,ΔMSE,NORMALIZED_MSE (BY CAPACITY),NORMALIZED_ΔMSE (BY CAPACITY),RMSE,ΔRMSE,NORMALIZED_RMSE (BY CAPACITY),NORMALIZED_ΔRMSE (BY CAPACITY),R2,ΔR2
LightGBM - day,,,,,,,,,,,,,,,
North,990,29.120895864150523,22.72160413584948,0.02941504632742477,0.022951115288736848,3083.1330448141807,3036.7955551858195,3.1142758028426067,3.067470257763454,55.52596730192263,22.704032698077377,0.0560868356585077,0.02293336636169432,0.9003855266103772,0.09358552661037722
West,1232,35.729404977993624,32.80829502200638,0.029001140404215604,0.026630109595784397,5439.924627095412,6855.909272904588,4.4155232362787435,5.564861422812165,73.75584469786385,37.13075530213615,0.05986675705995442,0.03013860008290272,0.8955351278322056,0.13043512783220557
Rose,807,33.15246616454829,17.669033835451714,0.04108112288048115,0.02189471355074562,4273.030397912419,2984.568602087581,5.294957122568054,3.6983501884604473,65.36842049424492,19.82307950575509,0.08100176021591687,0.024563915124851413,0.8442530327711963,0.11125303277119636
Health Sciences,1189,36.67477307881585,-31.228073078815854,0.03084505725720425,-0.026264148930879607,5733.18300633649,4596.201193663511,4.821852822822952,3.8656023495908416,75.71778527094206,25.915814729057942,0.06368190519002696,0.02179631179903948,0.9265149775960768,0.059214977596076857
Fraser,725,26.220331738714258,15.605668261285743,0.03616597481201966,0.021525059670738957,1972.5552371700144,2293.627862829986,2.7207658443724334,3.1636246383861875,44.4134578384752,20.9025421615248,0.06125994184617269,0.02883109263658593,0.884281487375064,0.13858148737506393
Thunderbird,1634,63.72638335446242,31.368916645537574,0.03900023461105411,0.019197623406081745,24039.75720486589,13083.321595134112,14.712213711668232,8.00692876079199,155.04759657881155,37.62590342118844,0.09488836999927268,0.023026868678817893,0.7811750927353652,0.11737509273536528
University Lot Blvd,216,11.893455084680475,7.367544915319524,0.05506229205870591,0.03410900423759039,411.937840094892,451.940659905108,1.9071196300689446,2.0923178699310556,20.29625187306494,9.09554812693506,0.09396412904196731,0.04210901910618084,0.6515474873025284,0.3915474873025284
