Metric,Fraser,Health Sciences,North,Rose,Thunderbird,University Lot Blvd,West
MAE,34.043876202940325,45.14617924169546,34.22973221698964,43.07453332803305,84.82361944380087,14.056709886457911,45.59468236589877
MSE,3309.592565600332,7633.803873663407,4819.094457761201,6790.77370939826,36307.64854711496,523.6827378894263,7595.411718828851
RMSE,57.52905844527904,87.3716422740434,69.41969790888751,82.40615091968718,190.54566000598112,22.88411540543847,87.15165930049095
R-squared,0.8058451688099382,0.9021537864632424,0.8442974890648404,0.7524842297184262,0.669505072009994,0.557024026169028,0.8541425169170258
