Metric,Fraser,Health Sciences,North,Rose,Thunderbird,University Lot Blvd,West
MAE,36.87636413030494,43.71848486448378,45.612084247370106,40.16724734838205,77.783959071186,14.986967763724234,45.60097703390964
MSE,3275.2519909734647,7662.675274289735,6095.825271374414,5284.535476826083,32474.93729839629,611.3531402341067,7204.942129245318
RMSE,57.22981732430626,87.53670815314987,78.07576622342181,72.69481052197662,180.20803893943324,24.7255564191002,84.88193052261074
R-squared,0.8078597335448694,0.9017837275414332,0.8030469605246262,0.8073848540532775,0.7043928072073871,0.482864847252216,0.8616408479707475
