Metric,Fraser,Health Sciences,North,Rose,Thunderbird,University Lot Blvd,West
MAE,26.220331738714258,36.67477307881585,29.120895864150523,33.15246616454829,63.72638335446242,11.893455084680475,35.729404977993624
MSE,1972.5552371700144,5733.18300633649,3083.1330448141807,4273.030397912419,24039.75720486589,411.937840094892,5439.924627095412
RMSE,44.4134578384752,75.71778527094206,55.52596730192263,65.36842049424492,155.04759657881155,20.29625187306494,73.75584469786385
R-squared,0.884281487375064,0.9265149775960768,0.9003855266103772,0.8442530327711963,0.7811750927353652,0.6515474873025284,0.8955351278322056
